/********************************************************************
Initial Seed Data for Public Schema: Country Database

The initial seed data is as per schema design for the country related
tables (.../schema/public/country.sql). The continent, region and the
subregion code are generated based on personal preference and may or
maynot be consistent with standard naming conventions.

Copywright © [2025] Debmalya Pramanik, DigitPhilia INC.
********************************************************************/

INSERT INTO public.mw_continent (continent_code, continent_name, wikidata_id, geoname_id) VALUES
    ('AS', 'ASIA', 'Q48', '6255147'),
    ('AF', 'AFRICA', 'Q15', '6255146'),
    ('EU', 'EUROPE', 'Q46', '6255148'),
    ('NA', 'NORTH AMERICA', 'Q49', '6255149'),
    ('SA', 'SOUTH AMERICA', 'Q18', '6255150'),
    ('AU', 'AUSTRALIA', 'Q3960', '6255151'),
    ('AN', 'ANTARTICA', 'Q51', '6255152');


INSERT INTO public.mw_region (region_code, region_name, wikidata_id) VALUES
    ('ASA', 'ASIA', 'Q48'),
    ('POL', 'POLAR', 'Q51'),
    ('AFR', 'AFRICA', 'Q15'),
    ('EUR', 'EUROPE', 'Q46'),
    ('AMN', 'AMERICAS', 'Q828'),
    ('OCN', 'OCEANIA', 'Q55643');


INSERT INTO public.mw_subregion (subregion_code, subregion_name, region_code, wikidata_id) VALUES
    ('ANZ', 'Australia & New Zealand', 'OCN', 'Q45256'),
    ('CAB', 'Carribean Islands', 'AMN', 'Q664609'),
    ('CAM', 'Central America', 'AMN', 'Q27611'),
    ('CAS', 'Central Asia', 'ASA', 'Q27275'),
    ('EAF', 'Eastern Africa', 'AFR', 'Q27407'),
    ('EAS', 'Eastern Asia', 'ASA', 'Q27231'),
    ('EEU', 'Eastern Europe', 'EUR', 'Q27468'),
    ('MEL', 'Melanesia Region', 'OCN', 'Q37394'),
    ('MIC', 'Micronesia Region', 'OCN', 'Q3359409'),
    ('MAF', 'Middle Africa', 'AFR', 'Q27433'),
    ('NAF', 'Northern Africa', 'AFR', 'Q27381'),
    ('NAM', 'Northern America', 'AMN', 'Q2017699'),
    ('NEU', 'Northern Europe', 'EUR', 'Q27479'),
    ('POL', 'Polynesia Region', 'OCN', 'Q35942'),
    ('SAM', 'South America', 'AMN', 'Q18'),
    ('SEA', 'South-Eastern Asia', 'ASA', 'Q11708'),
    ('SAF', 'Southern Africa', 'AFR', 'Q27394'),
    ('SAS', 'Southern Asia', 'ASA', 'Q771405'),
    ('SEU', 'Southern Europe', 'EUR', 'Q27449'),
    ('WAF', 'Western Africa', 'AFR', 'Q4412'),
    ('WAS', 'Western Asia', 'ASA', 'Q27293'),
    ('WEU', 'Western Europe', 'EUR', 'Q27496');


INSERT INTO public.mw_country (country_code, country_name, continent_code, region_code, subregion_code, iso2_code, numeric_code, top_level_domain) VALUES
    ('AFG', 'Afghanistan', 'AS', 'ASA', 'SAS', 'AF', '004', '.af'),
    ('ALA', 'Aland Islands', 'EU', 'EUR', 'NEU', 'AX', '248', '.ax'),
    ('ALB', 'Albania', 'EU', 'EUR', 'SEU', 'AL', '008', '.al'),
    ('DZA', 'Algeria', 'AF', 'AFR', 'NAF', 'DZ', '012', '.dz'),
    ('ASM', 'American Samoa', 'AU', 'OCN', 'POL', 'AS', '016', '.as'),
    ('AND', 'Andorra', 'EU', 'EUR', 'SEU', 'AD', '020', '.ad'),
    ('AGO', 'Angola', 'AF', 'AFR', 'MAF', 'AO', '024', '.ao'),
    ('AIA', 'Anguilla', 'NA', 'AMN', 'CAB', 'AI', '660', '.ai'),
    ('ATA', 'Antarctica', 'AN', 'OCN', 'POL', 'AQ', '010', '.aq'),
    ('ATG', 'Antigua and Barbuda', 'NA', 'AMN', 'CAB', 'AG', '028', '.ag'),
    ('ARG', 'Argentina', 'NA', 'AMN', 'SAM', 'AR', '032', '.ar'),
    ('ARM', 'Armenia', 'AS', 'ASA', 'WAS', 'AM', '051', '.am'),
    ('ABW', 'Aruba', 'NA', 'AMN', 'CAB', 'AW', '533', '.aw'),
    ('AUS', 'Australia', 'AU', 'OCN', 'ANZ', 'AU', '036', '.au'),
    ('AUT', 'Austria', 'EU', 'EUR', 'WEU', 'AT', '040', '.at'),
    ('AZE', 'Azerbaijan', 'AS', 'ASA', 'WAS', 'AZ', '031', '.az'),
    ('BHR', 'Bahrain', 'AS', 'ASA', 'WAS', 'BH', '048', '.bh'),
    ('BGD', 'Bangladesh', 'AS', 'ASA', 'SAS', 'BD', '050', '.bd'),
    ('BRB', 'Barbados', 'NA', 'AMN', 'CAB', 'BB', '052', '.bb'),
    ('BLR', 'Belarus', 'EU', 'EUR', 'EEU', 'BY', '112', '.by'),
    ('BEL', 'Belgium', 'EU', 'EUR', 'WEU', 'BE', '056', '.be'),
    ('BLZ', 'Belize', 'NA', 'AMN', 'CAM', 'BZ', '084', '.bz'),
    ('BEN', 'Benin', 'AF', 'AFR', 'WAF', 'BJ', '204', '.bj'),
    ('BMU', 'Bermuda', 'NA', 'AMN', 'NAM', 'BM', '060', '.bm'),
    ('BTN', 'Bhutan', 'AS', 'ASA', 'SAS', 'BT', '064', '.bt'),
    ('BOL', 'Bolivia', 'NA', 'AMN', 'SAM', 'BO', '068', '.bo'),
    ('BES', 'Bonaire, Sint Eustatius and Saba', 'NA', 'AMN', 'CAB', 'BQ', '535', '.an'),
    ('BIH', 'Bosnia and Herzegovina', 'EU', 'EUR', 'SEU', 'BA', '070', '.ba'),
    ('BWA', 'Botswana', 'AF', 'AFR', 'SAF', 'BW', '072', '.bw'),
    ('BRA', 'Brazil', 'SA', 'AMN', 'SAM', 'BR', '076', '.br'),
    ('IOT', 'British Indian Ocean Territory', 'AF', 'AFR', 'EAF', 'IO', '086', '.io'),
    ('BRN', 'Brunei', 'AS', 'ASA', 'SEA', 'BN', '096', '.bn'),
    ('BGR', 'Bulgaria', 'EU', 'EUR', 'EEU', 'BG', '100', '.bg'),
    ('BFA', 'Burkina Faso', 'AF', 'AFR', 'WAF', 'BF', '854', '.bf'),
    ('BDI', 'Burundi', 'AF', 'AFR', 'EAF', 'BI', '108', '.bi'),
    ('KHM', 'Cambodia', 'AS', 'ASA', 'SEA', 'KH', '116', '.kh'),
    ('CMR', 'Cameroon', 'AF', 'AFR', 'MAF', 'CM', '120', '.cm'),
    ('CAN', 'Canada', 'NA', 'AMN', 'NAM', 'CA', '124', '.ca'),
    ('CPV', 'Cape Verde', 'AF', 'AFR', 'WAF', 'CV', '132', '.cv'),
    ('CYM', 'Cayman Islands', 'NA', 'AMN', 'CAB', 'KY', '136', '.ky'),
    ('CAF', 'Central African Republic', 'AF', 'AFR', 'MAF', 'CF', '140', '.cf'),
    ('TCD', 'Chad', 'AF', 'AFR', 'MAF', 'TD', '148', '.td'),
    ('CHL', 'Chile', 'NA', 'AMN', 'SAM', 'CL', '152', '.cl'),
    ('CHN', 'China', 'AS', 'ASA', 'EAS', 'CN', '156', '.cn'),
    ('CXR', 'Christmas Island', 'AU', 'OCN', 'ANZ', 'CX', '162', '.cx'),
    ('CCK', 'Cocos (Keeling) Islands', 'AU', 'OCN', 'ANZ', 'CC', '166', '.cc'),
    ('COL', 'Colombia', 'NA', 'AMN', 'SAM', 'CO', '170', '.co'),
    ('COM', 'Comoros', 'AF', 'AFR', 'EAF', 'KM', '174', '.km'),
    ('COG', 'Congo', 'AF', 'AFR', 'MAF', 'CG', '178', '.cg'),
    ('COK', 'Cook Islands', 'AU', 'OCN', 'POL', 'CK', '184', '.ck'),
    ('CRI', 'Costa Rica', 'SA', 'AMN', 'CAM', 'CR', '188', '.cr'),
    ('HRV', 'Croatia', 'EU', 'EUR', 'SEU', 'HR', '191', '.hr'),
    ('CUB', 'Cuba', 'SA', 'AMN', 'CAB', 'CU', '192', '.cu'),
    ('CYP', 'Cyprus', 'EU', 'EUR', 'SEU', 'CY', '196', '.cy'),
    ('CZE', 'Czech Republic', 'EU', 'EUR', 'EEU', 'CZ', '203', '.cz'),
    ('COD', 'Democratic Republic of the Congo', 'AF', 'AFR', 'MAF', 'CD', '180', '.cd'),
    ('DNK', 'Denmark', 'EU', 'EUR', 'NEU', 'DK', '208', '.dk'),
    ('DJI', 'Djibouti', 'AF', 'AFR', 'EAF', 'DJ', '262', '.dj'),
    ('DMA', 'Dominica', 'SA', 'AMN', 'CAB', 'DM', '212', '.dm'),
    ('DOM', 'Dominican Republic', 'SA', 'AMN', 'CAB', 'DO', '214', '.do'),
    ('ECU', 'Ecuador', 'SA', 'AMN', 'SAM', 'EC', '218', '.ec'),
    ('EGY', 'Egypt', 'AF', 'AFR', 'NAF', 'EG', '818', '.eg'),
    ('SLV', 'El Salvador', 'SA', 'AMN', 'CAM', 'SV', '222', '.sv'),
    ('GNQ', 'Equatorial Guinea', 'AF', 'AFR', 'MAF', 'GQ', '226', '.gq'),
    ('ERI', 'Eritrea', 'AF', 'AFR', 'EAF', 'ER', '232', '.er'),
    ('EST', 'Estonia', 'EU', 'EUR', 'NEU', 'EE', '233', '.ee'),
    ('SWZ', 'Eswatini', 'AF', 'AFR', 'SAF', 'SZ', '748', '.sz'),
    ('ETH', 'Ethiopia', 'AF', 'AFR', 'EAF', 'ET', '231', '.et'),
    ('FLK', 'Falkland Islands', 'SA', 'AMN', 'SAM', 'FK', '238', '.fk'),
    ('FRO', 'Faroe Islands', 'EU', 'EUR', 'NEU', 'FO', '234', '.fo'),
    ('FJI', 'Fiji Islands', 'AU', 'OCN', 'MEL', 'FJ', '242', '.fj'),
    ('FIN', 'Finland', 'EU', 'EUR', 'NEU', 'FI', '246', '.fi'),
    ('FRA', 'France', 'EU', 'EUR', 'WEU', 'FR', '250', '.fr'),
    ('GUF', 'French Guiana', 'SA', 'AMN', 'SAM', 'GF', '254', '.gf'),
    ('PYF', 'French Polynesia', 'AU', 'OCN', 'POL', 'PF', '258', '.pf'),
    ('ATF', 'French Southern Territories', 'AF', 'AFR', 'SAF', 'TF', '260', '.tf'),
    ('GAB', 'Gabon', 'AF', 'AFR', 'MAF', 'GA', '266', '.ga'),
    ('GEO', 'Georgia', 'AS', 'ASA', 'WAS', 'GE', '268', '.ge'),
    ('DEU', 'Germany', 'EU', 'EUR', 'WEU', 'DE', '276', '.de'),
    ('GHA', 'Ghana', 'AF', 'AFR', 'WAF', 'GH', '288', '.gh'),
    ('GIB', 'Gibraltar', 'EU', 'EUR', 'SEU', 'GI', '292', '.gi'),
    ('GRC', 'Greece', 'EU', 'EUR', 'SEU', 'GR', '300', '.gr'),
    ('GRL', 'Greenland', 'NA', 'AMN', 'NAM', 'GL', '304', '.gl'),
    ('GRD', 'Grenada', 'NA', 'AMN', 'CAB', 'GD', '308', '.gd'),
    ('GLP', 'Guadeloupe', 'NA', 'AMN', 'CAB', 'GP', '312', '.gp'),
    ('GUM', 'Guam', 'AU', 'OCN', 'MIC', 'GU', '316', '.gu'),
    ('GTM', 'Guatemala', 'NA', 'AMN', 'CAM', 'GT', '320', '.gt'),
    ('GGY', 'Guernsey and Alderney', 'EU', 'EUR', 'NEU', 'GG', '831', '.gg'),
    ('GIN', 'Guinea', 'AF', 'AFR', 'WAF', 'GN', '324', '.gn'),
    ('GNB', 'Guinea-Bissau', 'AF', 'AFR', 'WAF', 'GW', '624', '.gw'),
    ('GUY', 'Guyana', 'NA', 'AMN', 'SAM', 'GY', '328', '.gy'),
    ('HTI', 'Haiti', 'NA', 'AMN', 'CAB', 'HT', '332', '.ht'),
    ('HND', 'Honduras', 'NA', 'AMN', 'CAM', 'HN', '340', '.hn'),
    ('HKG', 'Hong Kong S.A.R.', 'AS', 'ASA', 'EAS', 'HK', '344', '.hk'),
    ('HUN', 'Hungary', 'EU', 'EUR', 'EEU', 'HU', '348', '.hu'),
    ('ISL', 'Iceland', 'EU', 'EUR', 'NEU', 'IS', '352', '.is'),
    ('IND', 'India', 'AS', 'ASA', 'SAS', 'IN', '356', '.in'),
    ('IDN', 'Indonesia', 'AS', 'ASA', 'SEA', 'ID', '360', '.id'),
    ('IRN', 'Iran', 'AS', 'ASA', 'SAS', 'IR', '364', '.ir'),
    ('IRQ', 'Iraq', 'AS', 'ASA', 'WAS', 'IQ', '368', '.iq'),
    ('IRL', 'Ireland', 'EU', 'EUR', 'NEU', 'IE', '372', '.ie'),
    ('ISR', 'Israel', 'AS', 'ASA', 'WAS', 'IL', '376', '.il'),
    ('ITA', 'Italy', 'EU', 'EUR', 'SEU', 'IT', '380', '.it'),
    ('CIV', 'Ivory Coast', 'AF', 'AFR', 'WAF', 'CI', '384', '.ci'),
    ('JAM', 'Jamaica', 'SA', 'AMN', 'CAB', 'JM', '388', '.jm'),
    ('JPN', 'Japan', 'AS', 'ASA', 'EAS', 'JP', '392', '.jp'),
    ('JEY', 'Jersey', 'EU', 'EUR', 'NEU', 'JE', '832', '.je'),
    ('JOR', 'Jordan', 'AS', 'ASA', 'WAS', 'JO', '400', '.jo'),
    ('KAZ', 'Kazakhstan', 'AS', 'ASA', 'CAS', 'KZ', '398', '.kz'),
    ('KEN', 'Kenya', 'AF', 'AFR', 'EAF', 'KE', '404', '.ke'),
    ('KIR', 'Kiribati', 'AU', 'OCN', 'MIC', 'KI', '296', '.ki'),
    ('XKX', 'Kosovo', 'EU', 'EUR', 'EEU', 'XK', '926', '.xk'),
    ('KWT', 'Kuwait', 'AS', 'ASA', 'WAS', 'KW', '414', '.kw'),
    ('KGZ', 'Kyrgyzstan', 'AS', 'ASA', 'CAS', 'KG', '417', '.kg'),
    ('LAO', 'Laos', 'AS', 'ASA', 'SEA', 'LA', '418', '.la'),
    ('LVA', 'Latvia', 'EU', 'EUR', 'NEU', 'LV', '428', '.lv'),
    ('LBN', 'Lebanon', 'AS', 'ASA', 'WAS', 'LB', '422', '.lb'),
    ('LSO', 'Lesotho', 'AF', 'AFR', 'SAF', 'LS', '426', '.ls'),
    ('LBR', 'Liberia', 'AF', 'AFR', 'WAF', 'LR', '430', '.lr'),
    ('LBY', 'Libya', 'AF', 'AFR', 'NAF', 'LY', '434', '.ly'),
    ('LIE', 'Liechtenstein', 'EU', 'EUR', 'WEU', 'LI', '438', '.li'),
    ('LTU', 'Lithuania', 'EU', 'EUR', 'NEU', 'LT', '440', '.lt'),
    ('LUX', 'Luxembourg', 'EU', 'EUR', 'WEU', 'LU', '442', '.lu'),
    ('MAC', 'Macau S.A.R.', 'AS', 'ASA', 'EAS', 'MO', '446', '.mo'),
    ('MDG', 'Madagascar', 'AF', 'AFR', 'EAF', 'MG', '450', '.mg'),
    ('MWI', 'Malawi', 'AF', 'AFR', 'EAF', 'MW', '454', '.mw'),
    ('MYS', 'Malaysia', 'AS', 'ASA', 'SEA', 'MY', '458', '.my'),
    ('MDV', 'Maldives', 'AS', 'ASA', 'SAS', 'MV', '462', '.mv'),
    ('MLI', 'Mali', 'AF', 'AFR', 'WAF', 'ML', '466', '.ml'),
    ('MLT', 'Malta', 'EU', 'EUR', 'SEU', 'MT', '470', '.mt'),
    ('IMN', 'Man (Isle of)', 'EU', 'EUR', 'NEU', 'IM', '833', '.im'),
    ('MHL', 'Marshall Islands', 'AU', 'OCN', 'MIC', 'MH', '584', '.mh'),
    ('MTQ', 'Martinique', 'SA', 'AMN', 'CAB', 'MQ', '474', '.mq'),
    ('MRT', 'Mauritania', 'AF', 'AFR', 'WAF', 'MR', '478', '.mr'),
    ('MUS', 'Mauritius', 'AF', 'AFR', 'EAF', 'MU', '480', '.mu'),
    ('MYT', 'Mayotte', 'AF', 'AFR', 'EAF', 'YT', '175', '.yt'),
    ('MEX', 'Mexico', 'NA', 'AMN', 'CAM', 'MX', '484', '.mx'),
    ('FSM', 'Micronesia', 'AU', 'OCN', 'MIC', 'FM', '583', '.fm'),
    ('MDA', 'Moldova', 'EU', 'EUR', 'EEU', 'MD', '498', '.md'),
    ('MCO', 'Monaco', 'EU', 'EUR', 'WEU', 'MC', '492', '.mc'),
    ('MNG', 'Mongolia', 'AS', 'ASA', 'EAS', 'MN', '496', '.mn'),
    ('MNE', 'Montenegro', 'EU', 'EUR', 'SEU', 'ME', '499', '.me'),
    ('MSR', 'Montserrat', 'NA', 'AMN', 'CAB', 'MS', '500', '.ms'),
    ('MAR', 'Morocco', 'AF', 'AFR', 'NAF', 'MA', '504', '.ma'),
    ('MOZ', 'Mozambique', 'AF', 'AFR', 'EAF', 'MZ', '508', '.mz'),
    ('MMR', 'Myanmar', 'AS', 'ASA', 'SEA', 'MM', '104', '.mm'),
    ('NAM', 'Namibia', 'AF', 'AFR', 'SAF', 'NA', '516', '.na'),
    ('NRU', 'Nauru', 'AU', 'OCN', 'MIC', 'NR', '520', '.nr'),
    ('NPL', 'Nepal', 'AS', 'ASA', 'SAS', 'NP', '524', '.np'),
    ('NLD', 'Netherlands', 'EU', 'EUR', 'WEU', 'NL', '528', '.nl'),
    ('NCL', 'New Caledonia', 'AU', 'OCN', 'MEL', 'NC', '540', '.nc'),
    ('NZL', 'New Zealand', 'AU', 'OCN', 'ANZ', 'NZ', '554', '.nz'),
    ('NIC', 'Nicaragua', 'NA', 'AMN', 'CAM', 'NI', '558', '.ni'),
    ('NER', 'Niger', 'AF', 'AFR', 'WAF', 'NE', '562', '.ne'),
    ('NGA', 'Nigeria', 'AF', 'AFR', 'WAF', 'NG', '566', '.ng'),
    ('NIU', 'Niue', 'AU', 'OCN', 'POL', 'NU', '570', '.nu'),
    ('NFK', 'Norfolk Island', 'AU', 'OCN', 'ANZ', 'NF', '574', '.nf'),
    ('PRK', 'North Korea', 'AS', 'ASA', 'EAS', 'KP', '408', '.kp'),
    ('MKD', 'North Macedonia', 'EU', 'EUR', 'SEU', 'MK', '807', '.mk'),
    ('MNP', 'Northern Mariana Islands', 'AU', 'OCN', 'MIC', 'MP', '580', '.mp'),
    ('NOR', 'Norway', 'EU', 'EUR', 'NEU', 'NO', '578', '.no'),
    ('OMN', 'Oman', 'AS', 'ASA', 'WAS', 'OM', '512', '.om'),
    ('PAK', 'Pakistan', 'AS', 'ASA', 'SAS', 'PK', '586', '.pk'),
    ('PLW', 'Palau', 'AU', 'OCN', 'MIC', 'PW', '585', '.pw'),
    ('PSE', 'Palestinian Territory Occupied', 'AS', 'ASA', 'WAS', 'PS', '275', '.ps'),
    ('PAN', 'Panama', 'NA', 'AMN', 'CAM', 'PA', '591', '.pa'),
    ('PNG', 'Papua New Guinea', 'AU', 'OCN', 'MEL', 'PG', '598', '.pg'),
    ('PRY', 'Paraguay', 'NA', 'AMN', 'SAM', 'PY', '600', '.py'),
    ('PER', 'Peru', 'NA', 'AMN', 'SAM', 'PE', '604', '.pe'),
    ('PHL', 'Philippines', 'AS', 'ASA', 'SEA', 'PH', '608', '.ph'),
    ('PCN', 'Pitcairn Island', 'AU', 'OCN', 'POL', 'PN', '612', '.pn'),
    ('POL', 'Poland', 'EU', 'EUR', 'EEU', 'PL', '616', '.pl'),
    ('PRT', 'Portugal', 'EU', 'EUR', 'SEU', 'PT', '620', '.pt'),
    ('PRI', 'Puerto Rico', 'NA', 'AMN', 'CAB', 'PR', '630', '.pr'),
    ('QAT', 'Qatar', 'AS', 'ASA', 'WAS', 'QA', '634', '.qa'),
    ('REU', 'Reunion', 'AF', 'AFR', 'EAF', 'RE', '638', '.re'),
    ('ROU', 'Romania', 'EU', 'EUR', 'EEU', 'RO', '642', '.ro'),
    ('RUS', 'Russia', 'EU', 'EUR', 'EEU', 'RU', '643', '.ru'),
    ('RWA', 'Rwanda', 'AF', 'AFR', 'EAF', 'RW', '646', '.rw'),
    ('SHN', 'Saint Helena', 'AF', 'AFR', 'WAF', 'SH', '654', '.sh'),
    ('KNA', 'Saint Kitts and Nevis', 'NA', 'AMN', 'CAB', 'KN', '659', '.kn'),
    ('LCA', 'Saint Lucia', 'NA', 'AMN', 'CAB', 'LC', '662', '.lc'),
    ('SPM', 'Saint Pierre and Miquelon', 'NA', 'AMN', 'NAM', 'PM', '666', '.pm'),
    ('VCT', 'Saint Vincent and the Grenadines', 'NA', 'AMN', 'CAB', 'VC', '670', '.vc'),
    ('BLM', 'Saint-Barthelemy', 'NA', 'AMN', 'CAB', 'BL', '652', '.bl'),
    ('MAF', 'Saint-Martin (French part)', 'NA', 'AMN', 'CAB', 'MF', '663', '.mf'),
    ('WSM', 'Samoa', 'AU', 'OCN', 'POL', 'WS', '882', '.ws'),
    ('SMR', 'San Marino', 'EU', 'EUR', 'SEU', 'SM', '674', '.sm'),
    ('STP', 'Sao Tome and Principe', 'AF', 'AFR', 'MAF', 'ST', '678', '.st'),
    ('SAU', 'Saudi Arabia', 'AS', 'ASA', 'WAS', 'SA', '682', '.sa'),
    ('SEN', 'Senegal', 'AF', 'AFR', 'WAF', 'SN', '686', '.sn'),
    ('SRB', 'Serbia', 'EU', 'EUR', 'SEU', 'RS', '688', '.rs'),
    ('SYC', 'Seychelles', 'AF', 'AFR', 'EAF', 'SC', '690', '.sc'),
    ('SLE', 'Sierra Leone', 'AF', 'AFR', 'WAF', 'SL', '694', '.sl'),
    ('SGP', 'Singapore', 'AS', 'ASA', 'SEA', 'SG', '702', '.sg'),
    ('SXM', 'Sint Maarten (Dutch part)', 'NA', 'AMN', 'CAB', 'SX', '534', '.sx'),
    ('SVK', 'Slovakia', 'EU', 'EUR', 'EEU', 'SK', '703', '.sk'),
    ('SVN', 'Slovenia', 'EU', 'EUR', 'SEU', 'SI', '705', '.si'),
    ('SLB', 'Solomon Islands', 'AU', 'OCN', 'MEL', 'SB', '090', '.sb'),
    ('SOM', 'Somalia', 'AF', 'AFR', 'EAF', 'SO', '706', '.so'),
    ('ZAF', 'South Africa', 'AF', 'AFR', 'SAF', 'ZA', '710', '.za'),
    ('SGS', 'South Georgia', 'NA', 'AMN', 'SAM', 'GS', '239', '.gs'),
    ('KOR', 'South Korea', 'AS', 'ASA', 'EAS', 'KR', '410', '.kr'),
    ('SSD', 'South Sudan', 'AF', 'AFR', 'MAF', 'SS', '728', '.ss'),
    ('ESP', 'Spain', 'EU', 'EUR', 'SEU', 'ES', '724', '.es'),
    ('LKA', 'Sri Lanka', 'AS', 'ASA', 'SAS', 'LK', '144', '.lk'),
    ('SDN', 'Sudan', 'AF', 'AFR', 'NAF', 'SD', '729', '.sd'),
    ('SUR', 'Suriname', 'NA', 'AMN', 'SAM', 'SR', '740', '.sr'),
    ('SJM', 'Svalbard and Jan Mayen Islands', 'EU', 'EUR', 'NEU', 'SJ', '744', '.sj'),
    ('SWE', 'Sweden', 'EU', 'EUR', 'NEU', 'SE', '752', '.se'),
    ('CHE', 'Switzerland', 'EU', 'EUR', 'WEU', 'CH', '756', '.ch'),
    ('SYR', 'Syria', 'AS', 'ASA', 'WAS', 'SY', '760', '.sy'),
    ('TWN', 'Taiwan', 'AS', 'ASA', 'EAS', 'TW', '158', '.tw'),
    ('TJK', 'Tajikistan', 'AS', 'ASA', 'CAS', 'TJ', '762', '.tj'),
    ('TZA', 'Tanzania', 'AF', 'AFR', 'EAF', 'TZ', '834', '.tz'),
    ('THA', 'Thailand', 'AS', 'ASA', 'SEA', 'TH', '764', '.th'),
    ('BHS', 'The Bahamas', 'NA', 'AMN', 'CAB', 'BS', '044', '.bs'),
    ('GMB', 'The Gambia ', 'AF', 'AFR', 'WAF', 'GM', '270', '.gm'),
    ('TLS', 'Timor-Leste', 'AS', 'ASA', 'SEA', 'TL', '626', '.tl'),
    ('TGO', 'Togo', 'AF', 'AFR', 'WAF', 'TG', '768', '.tg'),
    ('TKL', 'Tokelau', 'AU', 'OCN', 'POL', 'TK', '772', '.tk'),
    ('TON', 'Tonga', 'AU', 'OCN', 'POL', 'TO', '776', '.to'),
    ('TTO', 'Trinidad and Tobago', 'NA', 'AMN', 'CAB', 'TT', '780', '.tt'),
    ('TUN', 'Tunisia', 'AF', 'AFR', 'NAF', 'TN', '788', '.tn'),
    ('TUR', 'Turkey', 'AS', 'ASA', 'WAS', 'TR', '792', '.tr'),
    ('TKM', 'Turkmenistan', 'AS', 'ASA', 'CAS', 'TM', '795', '.tm'),
    ('TCA', 'Turks and Caicos Islands', 'NA', 'AMN', 'CAB', 'TC', '796', '.tc'),
    ('TUV', 'Tuvalu', 'AU', 'OCN', 'POL', 'TV', '798', '.tv'),
    ('UGA', 'Uganda', 'AF', 'AFR', 'EAF', 'UG', '800', '.ug'),
    ('UKR', 'Ukraine', 'EU', 'EUR', 'EEU', 'UA', '804', '.ua'),
    ('ARE', 'United Arab Emirates', 'AS', 'ASA', 'WAS', 'AE', '784', '.ae'),
    ('GBR', 'United Kingdom', 'EU', 'EUR', 'NEU', 'GB', '826', '.uk'),
    ('USA', 'United States', 'NA', 'AMN', 'NAM', 'US', '840', '.us'),
    ('URY', 'Uruguay', 'NA', 'AMN', 'SAM', 'UY', '858', '.uy'),
    ('UZB', 'Uzbekistan', 'AS', 'ASA', 'CAS', 'UZ', '860', '.uz'),
    ('VUT', 'Vanuatu', 'AU', 'OCN', 'MEL', 'VU', '548', '.vu'),
    ('VAT', 'Vatican City State (Holy See)', 'EU', 'EUR', 'SEU', 'VA', '336', '.va'),
    ('VEN', 'Venezuela', 'NA', 'AMN', 'SAM', 'VE', '862', '.ve'),
    ('VNM', 'Vietnam', 'AS', 'ASA', 'SEA', 'VN', '704', '.vn'),
    ('VGB', 'Virgin Islands (British)', 'NA', 'AMN', 'CAB', 'VG', '092', '.vg'),
    ('VIR', 'Virgin Islands (US)', 'NA', 'AMN', 'CAB', 'VI', '850', '.vi'),
    ('WLF', 'Wallis and Futuna Islands', 'AU', 'OCN', 'POL', 'WF', '876', '.wf'),
    ('ESH', 'Western Sahara', 'AF', 'AFR', 'NAF', 'EH', '732', '.eh'),
    ('YEM', 'Yemen', 'AS', 'ASA', 'WAS', 'YE', '887', '.ye'),
    ('ZMB', 'Zambia', 'AF', 'AFR', 'SAF', 'ZM', '894', '.zm'),
    ('ZWE', 'Zimbabwe', 'AF', 'AFR', 'EAF', 'ZW', '716', '.zw');

INSERT INTO public.mw_state_type (state_type_code, state_type_name) VALUES
    ('AAA', 'ADMINISTERED AREA'),
    ('ADM', 'ADMINISTRATION'),
    ('ADA', 'ADMINISTRATIVE ATOLL'),
    ('ADR', 'ADMINISTRATIVE REGION'),
    ('ADT', 'ADMINISTRATIVE TERRITORY'),
    ('ART', 'ARCTIC REGION'),
    ('ARA', 'AREA'),
    ('ACT', 'AUTONOMOUS CITY'),
    ('ACM', 'AUTONOMOUS COMMUNITY'),
    ('ADI', 'AUTONOMOUS DISTRICT'),
    ('AMU', 'AUTONOMOUS MUNICIPALITY'),
    ('ARE', 'AUTONOMOUS REGION'),
    ('ARP', 'AUTONOMOUS REPUBLIC'),
    ('ATU', 'AUTONOMOUS TERRITORIAL UNIT'),
    ('BOR', 'BOROUGH'),
    ('BRC', 'BOROUGH COUNCIL'),
    ('CAN', 'CANTON'),
    ('CAP', 'CAPITAL'),
    ('CAC', 'CAPITAL CITY'),
    ('CAD', 'CAPITAL DISTRICT'),
    ('CAT', 'CAPITAL TERRITORY'),
    ('CHN', 'CHAIN'),
    ('CTY', 'CITY'),
    ('CWR', 'CITY WITH COUNTY RIGHTS'),
    ('COM', 'COMMUNE'),
    ('COU', 'COUNCIL AREA'),
    ('COA', 'COUNTRY'),
    ('CON', 'COUNTY'),
    ('DRE', 'DECENTRALIZED REGIONAL ENTITY'),
    ('DPT', 'DEPARTMENT'),
    ('DCY', 'DEPENDENCY'),
    ('DIS', 'DISTRICT'),
    ('DIC', 'DISTRICT COUNCIL'),
    ('DIM', 'DISTRICT MUNICIPALITY'),
    ('DRA', 'DISTRICTS UNDER REPUBLIC ADMINISTRATION'),
    ('DIV', 'DIVISION'),
    ('ECP', 'ECONOMIC PREFECTURE'),
    ('EMR', 'EMIRATE'),
    ('ENT', 'ENTITY'),
    ('EUC', 'EUROPEAN COLLECTIVITY'),
    ('FED', 'FEDERAL CAPITAL TERRITORY'),
    ('FDD', 'FEDERAL DEPENDENCY'),
    ('FDI', 'FEDERAL DISTRICT'),
    ('FDT', 'FEDERAL TERRITORY'),
    ('FMC', 'FREE MUNICIPAL CONSORTIUM'),
    ('GER', 'GEOGRAPHICAL REGION'),
    ('GOV', 'GOVERNORATE'),
    ('IND', 'INDIGENOUS REGION'),
    ('ISL', 'ISLAND'),
    ('ISC', 'ISLAND COUNCIL'),
    ('ISG', 'ISLANDS / GROUPS OF ISLANDS'),
    ('LND', 'LAND'),
    ('LCL', 'LOCAL COUNCIL'),
    ('LBR', 'LONDON BOROUGH'),
    ('MET', 'METROPOLITAN ADMINISTRATION'),
    ('MTC', 'METROPOLITAN CITY'),
    ('MCS', 'METROPOLITAN COLLECTIVITY WITH SPECIAL STATUS'),
    ('MCD', 'METROPOLITAN DEPARTMENT'),
    ('MDI', 'METROPOLITAN DISTRICT'),
    ('MRE', 'METROPOLITAN REGION'),
    ('MUN', 'MUNICIPALITY'),
    ('OBL', 'OBLAST'),
    ('OAR', 'OUTLYING AREA'),
    ('OVS', 'OVERSEAS COLLECTIVITY'),
    ('OVR', 'OVERSEAS REGION'),
    ('OVT', 'OVERSEAS TERRITORY'),
    ('PAR', 'PARISH'),
    ('POP', 'POPULARATE'),
    ('PRF', 'PREFECTURE'),
    ('PRO', 'PROVINCE'),
    ('QUA', 'QUARTER'),
    ('REG', 'REGION'),
    ('RGU', 'REGIONAL UNIT'),
    ('RPB', 'REPUBLIC'),
    ('SHD', 'SHEADINGS'),
    ('SAR', 'SPECIAL ADMINISTRATIVE REGION'),
    ('SPC', 'SPECIAL CITY'),
    ('SIA', 'SPECIAL ISLAND AUTHORITY'),
    ('SMU', 'SPECIAL MUNICIPALITY'),
    ('SPR', 'SPECIAL REGION'),
    ('SGC', 'SPECIAL SELF-GOVERNING CITY'),
    ('SGP', 'SPECIAL SELF-GOVERNING PROVINCE'),
    ('STT', 'STATE'),
    ('STC', 'STATE CITY'),
    ('TRU', 'TERRITORIAL UNIT'),
    ('TRT', 'TERRITORY'),
    ('TWC', 'TOWN COUNCIL'),
    ('TTC', 'TWO-TIER COUNTY'),
    ('UNN', 'UNION TERRITORY'),
    ('UNA', 'UNITARY AUTHORITY'),
    ('URB', 'URBAN MUNICIPALITY'),
    ('VIL', 'VILLAGE'),
    ('VOI', 'VOIVODSHIP');
